,Topics
319,Utah
121,God
407,called
793,mission
91,Elder
0,
573,family
93,Elders
288,Spirit
873,prayer
625,gospel
878,preached
431,children
921,read
1059,thought
525,earth
27,Bishop
377,baptized
405,business
331,Zion
161,Jesus Christ
505,desire
794,missionary
656,health
492,death
563,faith
876,preach
580,feelings
786,mind
824,ordained
667,history
1049,temple
1055,testimony
524,duty
359,apostles
757,love
490,dead
978,sealed
1133,worthy
883,priesthood
901,prophet
1076,truth
867,poor
657,heart
922,reading
659,heaven
843,peace
408,calling
1016,spirit of God
879,preaching
170,Kingdom of God
244,Priest
673,horses
338,administered
544,endowments
888,principles
626,government
718,judge
43,Book of Mormon
871,power of God
874,prayer circle
904,prophets
671,horse
677,humble
1065,tithing
714,journal
995,set apart
658,hearts
1124,women
948,revelation
726,knowledge
28,Bishops
1056,thankful
604,funeral
553,evil
965,salvation
191,Mason
741,laying on of hands
469,court
80,Devil
274,Seventies
749,liberty
1123,woman
598,friend
397,books
1045,teach
997,sickness
54,Christian
1043,taught
835,parents
717,joy
935,religion
297,Teachers
987,servant
796,mob
949,revelations
119,Gentiles
933,rejoice
608,garden
612,gathering
578,fear
476,covenants
1104,weak
460,corn
521,doubt
371,baptism
1037,sustain
148,Holy Ghost
1020,spirit of the Lord
663,hell
1002,singing
826,ordinances
262,Saint
660,heavens
108,First Presidency
440,citizens
1046,teaching
925,recommend
747,legislature
1135,young men
998,signs
245,Priests
877,preach the gospel
261,Sabbath
485,cut off
986,sermon
358,apostle
721,judgments
351,angels
498,delight
636,grave
494,debt
1072,trial
885,priesthood blessing
720,judgment
138,Heavenly Father
361,army
179,Latter-day Saints
118,Gentile
1001,sin
961,sacrament
198,Methodist
729,last days
26,Bible
533,education
296,Teacher
513,discourse
226,Patriarch
301,The Mormon
549,eternity
723,justice
669,honest
993,service
143,High Priest
523,dream
265,School of the Prophets
475,covenant
19,Baptist
849,persecution
940,repent
488,danger
942,respect
447,commandments
894,promise
846,perfect
1014,speech
653,healed
78,Deseret News
810,music
1125,word of God
350,angel
140,High Council
543,endowment
992,serve
587,food
163,Jews
1128,work of God
496,dedication
825,ordinance
275,Seventy
1081,uncle
534,election
906,prosperity
59,Church of Jesus Christ of Latter-day Saints
851,petition
515,dispensation
176,Lamanites
586,fishing
1117,will of God
956,righteous
1137,youth
151,Holy Spirit
150,Holy Priesthood
719,judges
1115,wickedness
264,Savior
762,lungs
629,grace
783,military
16,Babylon
1130,worship
559,example
82,Doctrine and Covenants
946,resurrection
895,promises
579,feast
495,debts
1094,vision
769,marriage
1044,tea
354,anointing
120,German
507,devils
915,railroad
370,band
250,Quorum of the Twelve Apostles
76,Deseret Agricultural and Manufacturing Society
1091,virtue
980,sealing
642,hand of God
676,house of the Lord
1073,trials
382,birthday
821,opposition
706,intelligence
897,prophecy
957,righteousness
682,hymn
889,prison
242,Presidency of the Church
1129,work of the Lord
367,aunt
1126,word of the Lord
548,eternal life
742,leader
94,Elders of Israel
489,dangerous
546,endure
437,cholera
6,Adam
352,animals
1022,spirit world
419,celestial kingdom
1000,signs of the times
229,Patriarchs
680,hunting
349,altar
1087,veil
71,Deacon
984,seer
908,provisions
403,buffalo
483,curse
286,Spanish
1095,visions
857,pioneers
72,Deacons
474,cousin
745,legal
519,doctor
744,learning
252,Relief Society
703,instrument
446,commandment
818,obedient
114,French
635,gratitude
597,freedom
962,sacrifice
581,fellowship
893,professor
330,ZCMI
599,friendship
145,High Priests
479,crime
805,mothers
602,fulness of the gospel
227,Patriarchal
974,scriptures
934,rejoicing
387,blind
33,Board of Education
57,Church of Christ
552,everlasting gospel
730,last dispensation
687,ignorant
649,happiness
592,forgive
154,House of Israel
611,garments
941,repentance
759,loving
538,emigrants
932,reformation
55,Christmas
990,servants of God
1060,thoughts
1116,widow
1106,wealth
123,God of Israel
267,Second Coming of Jesus Christ
404,burial
624,goodness
122,God of Heaven
1054,testify
311,United Order
263,Satan
907,proud
778,medicine
400,borrow
241,Presbyterian
1120,wine
271,Senator
246,Primary
866,polygamy
709,islands of the sea
809,murder
654,healing
1084,ungodly
880,prejudice
801,mortal
972,scientific
750,likeness
1099,warrant
912,queens
668,hoeing
79,Destroyer
341,adopt
754,loan
838,patience
870,poverty
575,fasting
1105,weakness
501,deliverance
648,hands of God
806,mourn
704,integrity
1118,will of the Lord
103,Father in Heaven
864,poison
827,ordination
326,Word of Wisdom
189,Maori
436,choir
899,prophesy
401,brain
305,Times and Seasons
817,obedience
345,affliction
556,evil spirits
716,journalizing
1070,translated
449,commerce
898,prophesied
346,agency
733,law of God
51,Catholic
780,mercy of God
776,meal
478,creation
939,remission of sins
282,Son of God
557,exaltation
467,counselors
162,Jewish
468,courage
215,Nephites
675,house of God
293,Supreme Court
500,delightful
983,sectarian
882,pride
1066,tobacco
375,baptismal font
678,humility
955,riches
420,celestial law
487,dancing
943,respectable
840,patriarchal blessing
283,Son of Man
944,restoration
384,bishopric
740,lawyers
466,counselor
953,rheumatism
2,Aaronic Priesthood
784,millennial
558,exalted
593,forgiveness
486,damnation
425,charity
101,Eternal Father
310,United Brethren
832,painting
49,Camp of Israel
374,baptism for the dead
324,Welsh
439,citizen
1077,turkey
493,debate
615,genealogy
903,prophet of God
240,Pony Express
207,Mutual Improvement Association
1048,temperance
856,picture
603,fulness of times
290,State of Deseret
217,New Testament
1010,song
461,cornerstone
272,Senators
1122,wolves
1018,spirit of prophecy
285,South Carolina
58,Church of England
443,coffee
792,miracles
971,science
1067,tomb
70,Danish
302,The Seer
459,convert
618,gift of the Holy Ghost
392,bond
175,Lamanite
413,cards
1051,temptation
619,gift of tongues
791,miracle
529,edification
811,mysteries
343,adultery
850,pestilence
133,Grand Jury
973,scripture
585,first resurrection
196,Melchizedek Priesthood
491,deaf
823,oracles
631,grammar
816,new and everlasting Covenant
499,delighted
839,patient
62,Civil War
696,imprisonment
683,hymn book
686,ignorance
237,Pioneer Day
891,prisoners
418,celestial glory
205,Mount Zion
50,Campbellite
402,brave
865,politics
644,handcart
433,children of Israel
203,Mormon Battalion
958,rising generation
881,presence of God
357,apostatized
442,cleansed
355,apostasy
96,Elias
1096,voice of God
622,good news
1093,virtuous
314,United States Constitution
834,parent
561,expelled
847,perfection
630,grace of God
155,Independence Day
584,first principles of the gospel
77,Deseret Alphabet
454,consecrate
689,image
410,callings
342,adoption
212,Navajo People
577,faults
613,gathering of Israel
328,YMMIA
728,languages
202,Moqui People
251,Redeemer
807,mourning
1075,tribulation
661,heir
751,liquor
931,reform
510,disciples
53,Chinese
379,bees
465,councilors
450,communion
363,artist
313,United States Army
773,martyred
700,infant
914,rabble
1019,spirit of revelation
452,conscience
104,Female Relief Society
1003,slave
535,elections
527,earthquakes
886,priesthood keys
936,religions
1050,temple dedication
211,Nauvoo Neighbor
228,Patriarchal Order of Marriage
772,martyrdom
177,Latin
854,photograph
199,Mexican-American War
68,Council of Fifty
255,Republicans
116,Garden of Eden
10,American Revolution
178,Latter-day Saint
158,Israelites
652,heal the sick
988,servant of God
89,Egyptian
601,full fellowship
171,Kingdom of Heaven
360,apostolic
1005,slavery
926,recreation
124,God the Father
848,persecute
136,Greek
632,grandfather
233,Pentecost
1102,washing of feet
309,Union Pacific Railroad
758,love of God
732,latter days
844,peaceful
277,Sioux
1089,veils
963,sacrifices
727,lameness
317,Universal Scientific Society
672,horseback
451,confirmation
139,Hebrew
641,habeas corpus
531,edify
1112,whirlwind
417,cavalry
213,Negro
201,Millennial Star
858,plague
210,Nauvoo Legion
710,jealousy
812,mystery
1100,warrants
555,evil spirit
457,consumption
516,dispensations
1107,wedding
634,grasshoppers
1121,wolf
637,grief
300,The Evening and the Morning Star
109,First Quorum of the Seventy
674,hostile
610,gardening
785,millennium
890,prisoner
688,ill health
638,grieve
46,Bridegroom
218,New York Herald
739,lawyer
802,mortality
875,prayer circles
157,Isleta People
376,baptisms for the dead
530,edified
66,Congress of the United States
532,educate
566,false doctrine
1029,statehood
464,councilor
518,divorce
1108,weeding
863,poetry
1092,virtues
144,High Priesthood
859,plan of salvation
764,magistrate
705,intellectual
795,missionary work
836,pastor
165,Jordan River Irrigation Company
381,bilious fever
424,charcoal
432,children of God
872,power of the Holy Ghost
1061,throne of God
168,July 24th Celebration
861,plurality of wives
472,courthouse
833,paradise
153,Hosanna Shout
779,meekness
583,finances
959,robbed
356,apostatize
188,Manifesto
572,falsehoods
389,blood of Ephraim
298,Ten Tribes of Israel
526,earthquake
327,YLMIA
1028,sprinkling
1097,voice of the Lord
254,Republican Party
85,Dutch
268,Second Quorum of the Seventy
929,redemption of the dead
97,Elohim
582,fidelity
789,ministering of angels
280,Sodom and Gomorrah
320,Utah Central Railroad
775,matrimony
991,servants of the Lord
235,Perpetual Emigrating Fund
868,poultice
828,orphan
115,Frontier Guardian
335,Zuni People
900,prophesying
484,curse of God
303,Third Quorum of the Seventy
708,interpretation of tongues
1038,swimming
414,carnal
670,honesty
216,New Jerusalem
456,consecration
537,emigrant
623,good works
281,Solemn Assembly
1031,stick of Joseph
1030,stewardship
554,evil one
75,Democratic Party
568,false prophets
752,literature
266,Second Coming
790,ministration of angels
614,genealogical
73,Declaration of Independence
181,Liberal Party
1035,strong drink
98,Episcopalian
1033,still small voice
224,Osage People
699,indictment
169,Juvenile Instructor
1063,tithe
760,loyal
236,Pioneer Company
815,negroes
967,sanctify
910,pure in heart
200,Michael the Archangel
753,living oracles
306,Tribes of Israel
892,prisons
422,challenge
388,blood of Christ
924,rebaptized
1134,wrath of God
1136,young women
698,indicted
441,citizenship
950,reverence
1086,vegetables
380,bilious colic
896,promises of God
445,colored
438,cholera morbus
722,just
1110,whales
512,discipline
34,Book of Abraham
968,sanctifying
1027,spotted fever
620,gifts of God
788,ministering
60,Church trial
852,philosophy
607,gambling
187,Lucifer
238,Polish
594,fornication
186,Lord's house
830,otter
29,Black
462,corpse
1,A Voice of Warning
647,handcarts
1034,strawberries
621,gifts of the spirit
692,immigration
1079,unbelieving
391,body of Christ
390,blotted out
916,raise the dead
845,penitentiary
738,lawless
458,conversion
386,black bear
383,birthright
841,patriarchal blessings
172,Kirtland Safety Society
294,Swedish
197,Messiah
930,redress of wrongs
348,alms
1085,unpardonable sin
777,measles
1111,whipped
927,redeem our dead
193,Masonry
61,City of Zion
869,poultices
444,cohabitation
142,High Councils
1036,supplication
666,hieroglyphics
146,Holiness to the Lord
434,children sealed to parents
225,Pacific Railroad
970,scarlet fever
222,Old Testament
106,Final Judgment
1127,words of God
39,Book of Isaiah
304,Three Witnesses
814,needy
655,healing the sick
284,Sons of Perdition
126,Godhead
347,alcohol
1109,whale
1007,smallpox
318,Universalist
564,falling away
1113,whirlwinds
52,Central Pacific Railroad
960,rod of iron
232,Pearl of Great Price
565,false brethren
174,Laguna People
1103,washings and anointings
455,consecrated oil
448,commendation
332,Zion's Camp
372,baptism by immersion
633,grandmother
394,book
3,Abolition
421,celestial marriage
860,plural marriage
799,morning of the first resurrection
206,Mountain Meadows Massacre
517,diversity
787,mind of the Lord
1023,spirits in prison
308,Twelve Tribes of Israel
969,saviors on Mount Zion
1080,unchristian conduct
1101,washing and anointing
36,Book of Commandments
69,Cullom Bill
837,pastors
853,photo
798,morality
923,rebaptism
887,priesthood power
569,false spirits
928,redeeming the dead
640,grizzly bear
989,servant of the Lord
588,forbidden fruit
127,Gold Plates
551,evangelists
547,equality
1021,spirit prison
774,martyrs
1047,telestial kingdom
1052,terrestrial kingdom
14,Articles of Faith
12,Arabic
416,casting out devils
411,calomel
160,Jaredites
11,Ancient of Days
1082,underground
1088,veil of the temple
292,Strangites
289,Spirit of Elias
8,African
185,Lord's anointed
249,Quaker
7,Adam-God
5,Acts of the Apostles
1131,worshipping
219,New York Messenger
208,Mutual Improvement Associations
627,government of God
522,dragon
545,endurance
743,leadership
92,Elder of Israel
734,law of adoption
735,law of consecration
697,independence
41,Book of Jeremiah
715,journal keeping
765,magistrates
771,martyr
665,herb
763,lust
737,law of the land
415,casket
724,keystone
409,calling and election
731,last will and testament
399,born of water
214,Nephite
393,bondsman
770,marriage covenant
368,autobiography
366,astronomy
761,loyalty
1090,vices
248,Prince of Darkness
336,abolitionist
312,United Order of Enoch
295,Tabernacle of Moses
645,handcart companies
1114,whooping cough
86,Edmunds Bill
258,S. S. Arizona
257,Rigdonite
256,Revolutionary War
756,lost tribes
938,remedy
820,opium
1071,traveling high council
1011,special witness
1013,special witnesses
1015,spirit of Elijah
40,Book of Jacob
24,Bear River Massacre
128,Good Friday
435,chloroform
31,Blood of the Lamb
1017,spirit of life
528,eclipse
44,Book of Revelation
32,Blue Laws
1040,synagogue
606,gamble
646,handcart company
504,depression
502,democracy
628,governmental
713,joint heirs
918,raspberries
470,court trial
855,phrenology
1132,worthiness
982,secede
979,sealed up unto eternal life
966,sanctification
1009,son of the morning
1069,tornado
47,Bullion Beck Mine Company
1119,winding-up scene
9,Aitkenite
1032,stick of Judah
1083,unfaithfulness
21,Battle of Bunker Hill
945,restored to fellowship
1074,tribe of Judah
1053,test oath
920,rattlesnakes
13,Ark of the Covenant
919,rattlesnake
664,help meet
56,Church court
690,image of God
746,legal heirs
87,Edmunds-Tucker Act
88,Edmunds-Tucker Bill
166,Josephites
90,Egyptian mummies
164,Jordan River Dam Society
712,joint heir
378,bar of God
385,black art
395,book of life
702,infantry
412,camphor
701,infant baptism
693,immoral
681,hurricane
755,lockjaw
679,humor
480,croup
481,crucifixion
105,Female Relief Society of Nauvoo
651,headache
503,depressed
506,destroying angel
643,hand of fellowship
520,doctrine of Christ
111,Fishing River Revelation
132,Gospel of Matthew
541,emotion
609,gardener
605,funny
748,letter of commendation
159,Jacobites
334,Zoramites
797,mock trial
194,Master Mason
204,Morrisites
64,Congregational
220,New York Tribune
239,Polysophical Society
260,S. S. Wyoming
269,Seminole Wars
273,Sermon on the Mount
182,Light of Christ
570,false teachings
316,United States Revenue Cutter Service
781,meridian of time
782,mesmerism
562,extermination order
25,Beelzebub
234,People's Party
508,dice
511,disciplinary council
230,Patriot War
223,Omaha People
134,Grand Lodge
221,Norwegian
339,administering of angels
536,embryo
567,false prophet
1026,spiritualism
539,eminent men
323,War of 1812
329,Young Ladies Mutual Improvement Association
884,priesthood authority
337,accountability
173,Kolob
130,Gospel of John
129,Gospel Reflector
550,eulogy
560,excommunication
1042,tartar emetic
18,Bannock People
243,Presidency of the High Priesthood
473,courtroom
307,Trinity
590,foreordained
180,Law of Moses
278,Sioux People
427,chastity
276,Shoshone People
430,childbirth
1062,tincture
463,costiveness
322,Utah War
1058,theocratical government
315,United States Marshal
1057,the Olive Leaf
183,Lord's Day
15,Atheist
477,cream of tartar
333,Zionward
344,adversity
482,crucify
149,Holy One of Israel
247,Primary Association
497,degrees of glory
184,Lord's Supper
542,endowed with power
999,signs of the Spirit
600,fruits of the spirit
617,gift of healing
37,Book of Enoch
83,Donner Party
822,oracle
725,kingdom of glory
112,Founding Fathers
981,sealing keys
917,raising the dead
639,grieving
736,law of man
38,Book of Genesis
99,Epistle of James
976,scruples
767,magnifying our calling
800,morphine
954,rhubarb
45,Brass Plates
107,First Epistle to the Corinthians
902,prophet and seer
711,johnnycake
65,Congregationalist
862,poet
595,fortune telling
909,proxy sealing
947,resurrection of children
596,fossils
994,servitude
842,patriarchal marriage
325,Whig
84,Druze
1098,war in heaven
766,magnesium
707,interpretation of dreams
768,magnifying our callings
1078,umbilical cord
365,astronomers
48,Calvinist
937,remedies
364,artists
95,Elders' Journal
373,baptism for health
369,bad habit
353,annulled
167,Judaism
362,artisans
340,administration of angels
287,Spanish-American War
321,Utah Southern Railroad
913,quinine
195,Master Masons
63,Comanche People
209,Native American
905,prosecuting attorney 
67,Cooperative Association
4,Abrahamic Covenant
231,Pawnee People
911,pyroligneous acid
831,outer darkness
253,Reorganized Church of Jesus Christ of Latter Day Saints
259,S. S. Nevada
829,orthography
81,Digger People
74,Deism
270,Senate of the United States
819,opening of the seals
813,natural man
808,mouthpiece
279,Snake People
398,born in the covenant
804,motherhood
291,Strangite
299,Territorial Legislature
803,mother earth
396,book of remembrance
428,chief cornerstone
406,bylaws
1041,tabernacle in the flesh
977,sculpture
22,Battle of Fort Ticonderoga
509,disciple
514,disfellowship
137,Hades
135,Great Salt Lake City Irrigation and Canal Company
131,Gospel of Mark
113,Franco-Prussian War
985,self reliance
1025,spiritual gifts
1024,spiritual blindness
540,eminent women
23,Baurak Ale
616,gift of eternal life
35,Book of Alma
117,Garden of Gethsemane
996,shortcake
1012,special witness of Jesus Christ
591,foreordination
571,falsehood
1008,solemn assemblies
125,God's children
1006,slippery elm
574,fast offerings
1004,slavemaster
576,fatherhood
589,foreordain
1039,sword of Laban
975,scruple
42,Book of Joel
141,High Councilor
951,reverent
423,change of heart
426,charivari
952,rheumatic fever
30,Black Hawk War
1068,toothache
429,child of God
156,Isleta
1064,tithes and offerings
453,conscientious
695,imperfection
694,impeachment
471,court trials
691,immigrant
685,idols
684,idolatry
964,sadness
152,Holy of Holies
100,Epistle to the Hebrews
102,Eucharist
192,Masonic Lodge
662,heirship
17,Baneemy
147,Holy Bible
110,First Vision
20,Battle of Bull Run
650,hart
190,Mark of the Beast
